{"cameraMode":{"drawMode":0,"name":"Shaded","section":"Shading Mode"},"sceneLighting":false,"audioPlay":false,"sceneViewState":{"m_AlwaysRefresh":false,"showFog":true,"showSkybox":false,"showFlares":true,"showImageEffects":true,"showParticleSystems":true,"showVisualEffectGraphs":true,"m_FxEnabled":true},"in2DMode":false,"pivot":{"x":-0.41029220819473269,"y":4.359463691711426,"z":-9.163984298706055},"rotation":{"x":0.031134789809584619,"y":-0.9515749216079712,"z":0.2891291081905365,"w":0.1045655831694603},"size":1.8723900318145753,"orthographic":false}