{"cameraMode":{"drawMode":0,"name":"Shaded","section":"Shading Mode"},"sceneLighting":false,"audioPlay":false,"sceneViewState":{"m_AlwaysRefresh":false,"showFog":true,"showSkybox":false,"showFlares":true,"showImageEffects":true,"showParticleSystems":true,"showVisualEffectGraphs":true,"m_FxEnabled":true},"in2DMode":false,"pivot":{"x":0.06961972266435623,"y":-0.38485607504844668,"z":0.3257405161857605},"rotation":{"x":-0.19795893132686616,"y":0.019954657182097436,"z":-0.004025042988359928,"w":-0.9805330038070679},"size":2.376239061355591,"orthographic":false}