{"cameraMode":{"drawMode":0,"name":"Shaded","section":"Shading Mode"},"sceneLighting":false,"audioPlay":false,"sceneViewState":{"m_AlwaysRefresh":false,"showFog":true,"showSkybox":false,"showFlares":true,"showImageEffects":true,"showParticleSystems":true,"showVisualEffectGraphs":true,"m_FxEnabled":true},"in2DMode":false,"pivot":{"x":-171.78343200683595,"y":33.41040802001953,"z":58.723323822021487},"rotation":{"x":0.005900597665458918,"y":-0.9898500442504883,"z":-0.010347639210522175,"w":-0.14741042256355287},"size":1.7660253047943116,"orthographic":false}