{"cameraMode":{"drawMode":0,"name":"Shaded","section":"Shading Mode"},"sceneLighting":false,"audioPlay":false,"sceneViewState":{"m_AlwaysRefresh":false,"showFog":true,"showSkybox":false,"showFlares":true,"showImageEffects":true,"showParticleSystems":true,"showVisualEffectGraphs":true,"m_FxEnabled":true},"in2DMode":false,"pivot":{"x":-6.340000152587891,"y":1.5799999237060547,"z":2.1500000953674318},"rotation":{"x":0.21094702184200288,"y":-0.7181561589241028,"z":0.24601227045059205,"w":0.6159038543701172},"size":1.2247447967529297,"orthographic":false}