{"cameraMode":{"drawMode":0,"name":"Shaded","section":"Shading Mode"},"sceneLighting":false,"audioPlay":false,"sceneViewState":{"m_AlwaysRefresh":false,"showFog":true,"showSkybox":false,"showFlares":true,"showImageEffects":true,"showParticleSystems":true,"showVisualEffectGraphs":true,"m_FxEnabled":true},"in2DMode":false,"pivot":{"x":-55.74213790893555,"y":27.491931915283204,"z":-1.2335057258605958},"rotation":{"x":-0.12652522325515748,"y":0.027075909078121187,"z":-0.0034481582697480919,"w":-0.9916126132011414},"size":0.23829226195812226,"orthographic":false}