{"cameraMode":{"drawMode":0,"name":"Shaded","section":"Shading Mode"},"sceneLighting":false,"audioPlay":false,"sceneViewState":{"m_AlwaysRefresh":false,"showFog":true,"showSkybox":false,"showFlares":true,"showImageEffects":true,"showParticleSystems":true,"showVisualEffectGraphs":true,"m_FxEnabled":true},"in2DMode":false,"pivot":{"x":0.04600784555077553,"y":0.6499589681625366,"z":-20.33803939819336},"rotation":{"x":-0.01546582579612732,"y":0.9872459173202515,"z":-0.13023188710212708,"w":-0.09760714322328568},"size":0.2761297821998596,"orthographic":false}