{"cameraMode":{"drawMode":0,"name":"Shaded","section":"Shading Mode"},"sceneLighting":false,"audioPlay":false,"sceneViewState":{"m_AlwaysRefresh":false,"showFog":true,"showSkybox":false,"showFlares":true,"showImageEffects":true,"showParticleSystems":true,"showVisualEffectGraphs":true,"m_FxEnabled":true},"in2DMode":false,"pivot":{"x":1.2956186532974244,"y":0.46846938133239748,"z":-0.8183125853538513},"rotation":{"x":0.08220991492271424,"y":-0.9091193079948425,"z":0.21664126217365266,"w":0.34769004583358767},"size":1.4687297344207764,"orthographic":false}