{"cameraMode":{"drawMode":0,"name":"Shaded","section":"Shading Mode"},"sceneLighting":false,"audioPlay":false,"sceneViewState":{"m_AlwaysRefresh":false,"showFog":true,"showSkybox":false,"showFlares":true,"showImageEffects":true,"showParticleSystems":true,"showVisualEffectGraphs":true,"m_FxEnabled":true},"in2DMode":false,"pivot":{"x":421.3686828613281,"y":258.5987243652344,"z":2.921886444091797},"rotation":{"x":-0.012610289268195629,"y":-0.010480047203600407,"z":-0.0000024538474008295454,"w":-0.9999552369117737},"size":105.46510314941406,"orthographic":false}