{"cameraMode":{"drawMode":0,"name":"Shaded","section":"Shading Mode"},"sceneLighting":false,"audioPlay":false,"sceneViewState":{"m_AlwaysRefresh":false,"showFog":true,"showSkybox":false,"showFlares":true,"showImageEffects":true,"showParticleSystems":true,"showVisualEffectGraphs":true,"m_FxEnabled":true},"in2DMode":false,"pivot":{"x":-50.440547943115237,"y":22.837919235229493,"z":-30.173112869262697},"rotation":{"x":0.03414038568735123,"y":-0.26805490255355837,"z":0.009381594136357308,"w":0.9628804326057434},"size":0.6124946475028992,"orthographic":false}