{"cameraMode":{"drawMode":0,"name":"Shaded","section":"Shading Mode"},"sceneLighting":false,"audioPlay":false,"sceneViewState":{"m_AlwaysRefresh":false,"showFog":true,"showSkybox":false,"showFlares":true,"showImageEffects":true,"showParticleSystems":true,"showVisualEffectGraphs":true,"m_FxEnabled":true},"in2DMode":false,"pivot":{"x":-50.033992767333987,"y":22.46010971069336,"z":-28.93895721435547},"rotation":{"x":0.45509016513824465,"y":-0.05761156976222992,"z":0.028960835188627244,"w":0.8883239030838013},"size":1.1017298698425294,"orthographic":false}