{"cameraMode":{"drawMode":0,"name":"Shaded","section":"Shading Mode"},"sceneLighting":false,"audioPlay":false,"sceneViewState":{"m_AlwaysRefresh":false,"showFog":true,"showSkybox":false,"showFlares":true,"showImageEffects":true,"showParticleSystems":true,"showVisualEffectGraphs":true,"m_FxEnabled":true},"in2DMode":false,"pivot":{"x":-49.829681396484378,"y":23.797286987304689,"z":-30.488723754882814},"rotation":{"x":0.1057152971625328,"y":-0.011055978946387768,"z":0.001095315907150507,"w":0.9944277405738831},"size":0.8660253882408142,"orthographic":false}