{"cameraMode":{"drawMode":0,"name":"Shaded","section":"Shading Mode"},"sceneLighting":false,"audioPlay":false,"sceneViewState":{"m_AlwaysRefresh":false,"showFog":true,"showSkybox":false,"showFlares":true,"showImageEffects":true,"showParticleSystems":true,"showVisualEffectGraphs":true,"m_FxEnabled":true},"in2DMode":false,"pivot":{"x":-0.23837055265903474,"y":0.5065509080886841,"z":-20.80305290222168},"rotation":{"x":-0.027087800204753877,"y":0.9708297252655029,"z":-0.21514815092086793,"w":-0.10892774909734726},"size":0.3066762387752533,"orthographic":false}