{"cameraMode":{"drawMode":0,"name":"Shaded","section":"Shading Mode"},"sceneLighting":false,"audioPlay":false,"sceneViewState":{"m_AlwaysRefresh":false,"showFog":true,"showSkybox":false,"showFlares":true,"showImageEffects":true,"showParticleSystems":true,"showVisualEffectGraphs":true,"m_FxEnabled":true},"in2DMode":false,"pivot":{"x":1.0201047658920289,"y":0.13010375201702119,"z":-0.7807276844978333},"rotation":{"x":0.07445080578327179,"y":-0.8692678809165955,"z":0.13809697329998017,"w":0.46918031573295596},"size":1.2247449159622193,"orthographic":false}