{"cameraMode":{"drawMode":0,"name":"Shaded","section":"Shading Mode"},"sceneLighting":false,"audioPlay":false,"sceneViewState":{"m_AlwaysRefresh":false,"showFog":true,"showSkybox":false,"showFlares":true,"showImageEffects":true,"showParticleSystems":true,"showVisualEffectGraphs":true,"m_FxEnabled":true},"in2DMode":false,"pivot":{"x":-27.870450973510743,"y":13.71500015258789,"z":-0.5499999523162842},"rotation":{"x":-0.007143402937799692,"y":0.9616414308547974,"z":-0.025749199092388154,"w":-0.2746184170246124},"size":31.74982261657715,"orthographic":false}