{"cameraMode":{"drawMode":0,"name":"Shaded","section":"Shading Mode"},"sceneLighting":true,"audioPlay":false,"sceneViewState":{"m_AlwaysRefresh":false,"showFog":true,"showSkybox":true,"showFlares":true,"showImageEffects":true,"showParticleSystems":true,"showVisualEffectGraphs":true,"m_FxEnabled":true},"in2DMode":false,"pivot":{"x":-3.6990742683410646,"y":3.0356123447418215,"z":13.18958854675293},"rotation":{"x":0.016925549134612085,"y":0.9721593260765076,"z":-0.06965886801481247,"w":0.2248689979314804},"size":2.0615525245666506,"orthographic":false}