{"cameraMode":{"drawMode":0,"name":"Shaded","section":"Shading Mode"},"sceneLighting":true,"audioPlay":false,"sceneViewState":{"m_AlwaysRefresh":false,"showFog":true,"showSkybox":true,"showFlares":true,"showImageEffects":true,"showParticleSystems":true,"showVisualEffectGraphs":true,"m_FxEnabled":true},"in2DMode":false,"pivot":{"x":-124.22611999511719,"y":205.6834716796875,"z":22.285205841064454},"rotation":{"x":0.3146584630012512,"y":0.6648787260055542,"z":-0.36635851860046389,"w":0.5707686543464661},"size":12.048142433166504,"orthographic":false}