{"cameraMode":{"drawMode":0,"name":"Shaded","section":"Shading Mode"},"sceneLighting":true,"audioPlay":false,"sceneViewState":{"m_AlwaysRefresh":false,"showFog":true,"showSkybox":true,"showFlares":true,"showImageEffects":true,"showParticleSystems":true,"showVisualEffectGraphs":true,"m_FxEnabled":true},"in2DMode":false,"pivot":{"x":-2.6387250423431398,"y":3.4880354404449465,"z":-4.6433258056640629},"rotation":{"x":0.1824522614479065,"y":-0.06636976450681687,"z":0.013311107642948628,"w":0.9811871647834778},"size":1.2247449159622193,"orthographic":false}