{"cameraMode":{"drawMode":0,"name":"Shaded","section":"Shading Mode"},"sceneLighting":true,"audioPlay":false,"sceneViewState":{"m_AlwaysRefresh":false,"showFog":true,"showSkybox":true,"showFlares":true,"showImageEffects":true,"showParticleSystems":true,"showVisualEffectGraphs":true,"m_FxEnabled":true},"in2DMode":false,"pivot":{"x":-46.0399055480957,"y":13.94046688079834,"z":-43.62628173828125},"rotation":{"x":0.006716958712786436,"y":-0.9215015769004822,"z":0.014770357869565487,"w":0.38949841260910036},"size":36.333560943603519,"orthographic":false}