{"cameraMode":{"drawMode":0,"name":"Shaded","section":"Shading Mode"},"sceneLighting":true,"audioPlay":false,"sceneViewState":{"m_AlwaysRefresh":false,"showFog":true,"showSkybox":true,"showFlares":true,"showImageEffects":true,"showParticleSystems":true,"showVisualEffectGraphs":true,"m_FxEnabled":true},"in2DMode":false,"pivot":{"x":48.529273986816409,"y":10.246600151062012,"z":4.800092697143555},"rotation":{"x":-0.03778981417417526,"y":0.8437848687171936,"z":-0.05420685186982155,"w":-0.5342480540275574},"size":13.298201560974121,"orthographic":false}