{"cameraMode":{"drawMode":0,"name":"Shaded","section":"Shading Mode"},"sceneLighting":true,"audioPlay":false,"sceneViewState":{"m_AlwaysRefresh":false,"showFog":true,"showSkybox":true,"showFlares":true,"showImageEffects":true,"showParticleSystems":true,"showVisualEffectGraphs":true,"m_FxEnabled":true},"in2DMode":false,"pivot":{"x":-38.437255859375,"y":37.466304779052737,"z":58.4903678894043},"rotation":{"x":-0.029989363625645639,"y":0.02062820829451084,"z":0.0005755597958341241,"w":0.9995648264884949},"size":31.267913818359376,"orthographic":false}