{"cameraMode":{"drawMode":0,"name":"Shaded","section":"Shading Mode"},"sceneLighting":true,"audioPlay":false,"sceneViewState":{"m_AlwaysRefresh":false,"showFog":true,"showSkybox":true,"showFlares":true,"showImageEffects":true,"showParticleSystems":true,"showVisualEffectGraphs":true,"m_FxEnabled":true},"in2DMode":false,"pivot":{"x":-24.027311325073243,"y":-12.301289558410645,"z":-1.2868027687072755},"rotation":{"x":0.21094702184200288,"y":-0.7181561589241028,"z":0.24601227045059205,"w":0.6159038543701172},"size":14.592340469360352,"orthographic":false}