{"cameraMode":{"drawMode":0,"name":"Shaded","section":"Shading Mode"},"sceneLighting":true,"audioPlay":false,"sceneViewState":{"m_AlwaysRefresh":false,"showFog":true,"showSkybox":true,"showFlares":true,"showImageEffects":true,"showParticleSystems":true,"showVisualEffectGraphs":true,"m_FxEnabled":true},"in2DMode":false,"pivot":{"x":-16.016735076904298,"y":18.103666305541993,"z":3.8511924743652345},"rotation":{"x":-0.13223163783550263,"y":0.18691979348659516,"z":0.026841701939702035,"w":0.9734352231025696},"size":7.604255199432373,"orthographic":false}