{"cameraMode":{"drawMode":0,"name":"Shaded","section":"Shading Mode"},"sceneLighting":false,"audioPlay":false,"sceneViewState":{"m_AlwaysRefresh":false,"showFog":true,"showSkybox":false,"showFlares":true,"showImageEffects":true,"showParticleSystems":true,"showVisualEffectGraphs":true,"m_FxEnabled":true},"in2DMode":false,"pivot":{"x":-73.35597229003906,"y":-0.2252005636692047,"z":126.33177947998047},"rotation":{"x":0.07737130671739578,"y":-0.2800409495830536,"z":0.022821728140115739,"w":0.9571499228477478},"size":0.8660253882408142,"orthographic":false}