{"cameraMode":{"drawMode":0,"name":"Shaded","section":"Shading Mode"},"sceneLighting":false,"audioPlay":false,"sceneViewState":{"m_AlwaysRefresh":false,"showFog":true,"showSkybox":false,"showFlares":true,"showImageEffects":true,"showParticleSystems":true,"showVisualEffectGraphs":true,"m_FxEnabled":true},"in2DMode":false,"pivot":{"x":-0.1181347444653511,"y":-0.0883370116353035,"z":-0.5021867752075195},"rotation":{"x":-0.003297757590189576,"y":0.9949902296066284,"z":-0.03556855022907257,"w":-0.09799379855394364},"size":1.4002472162246705,"orthographic":false}