{"cameraMode":{"drawMode":0,"name":"Shaded","section":"Shading Mode"},"sceneLighting":false,"audioPlay":false,"sceneViewState":{"m_AlwaysRefresh":false,"showFog":true,"showSkybox":false,"showFlares":true,"showImageEffects":true,"showParticleSystems":true,"showVisualEffectGraphs":true,"m_FxEnabled":true},"in2DMode":false,"pivot":{"x":-39.256473541259769,"y":32.77714157104492,"z":-3.5314576625823976},"rotation":{"x":0.1067240983247757,"y":0.1423441767692566,"z":-0.015347586013376713,"w":0.9841545820236206},"size":0.8660253882408142,"orthographic":false}